"Name","Type","Path"
"Accommodate learning abilities","","::{26EE0668-A00A-44D7-9371-BEB064C98683}\0\::{ED7BA470-8E54-465E-825C-99712043E01C}\{EE439E7E-CE1E-4ABE-9EA8-50F12ED01FE0}"
"Accommodate low vision","","::{26EE0668-A00A-44D7-9371-BEB064C98683}\0\::{ED7BA470-8E54-465E-825C-99712043E01C}\{C3915CF9-A3D9-4EFD-B209-62C05793EE0F}"
"Change how your keyboard works","","::{26EE0668-A00A-44D7-9371-BEB064C98683}\0\::{ED7BA470-8E54-465E-825C-99712043E01C}\{7B086E4E-366C-454A-85CC-B8B533482B10}"
"Change how your mouse works","","::{26EE0668-A00A-44D7-9371-BEB064C98683}\0\::{ED7BA470-8E54-465E-825C-99712043E01C}\{EE3E6FA5-C412-4A11-9370-1ED4D42E62B2}"
"Use screen reader","","::{26EE0668-A00A-44D7-9371-BEB064C98683}\0\::{ED7BA470-8E54-465E-825C-99712043E01C}\{B57D7134-6BAB-47B2-A506-E885E104EC99}"
"Change the Narrator voice","","::{26EE0668-A00A-44D7-9371-BEB064C98683}\0\::{ED7BA470-8E54-465E-825C-99712043E01C}\{DB5EC38C-915C-4897-AE67-D9858FE7D2FD}"
"Control the computer without the mouse or keyboard","","::{26EE0668-A00A-44D7-9371-BEB064C98683}\0\::{ED7BA470-8E54-465E-825C-99712043E01C}\{EF462183-352B-4DCF-811C-07FA7CFCD5AC}"
"Hear a tone when keys are pressed","","::{26EE0668-A00A-44D7-9371-BEB064C98683}\0\::{ED7BA470-8E54-465E-825C-99712043E01C}\{B3C577FA-7C51-4259-A1C4-088BD0B0932E}"
"Hear text read aloud with Narrator","","::{26EE0668-A00A-44D7-9371-BEB064C98683}\0\::{ED7BA470-8E54-465E-825C-99712043E01C}\{D048311B-5C71-40E0-9EC4-FA5DCBB49EE0}"
"Ignore repeated keystrokes using FilterKeys","","::{26EE0668-A00A-44D7-9371-BEB064C98683}\0\::{ED7BA470-8E54-465E-825C-99712043E01C}\{1A0593CC-3C1C-4CB7-BBB0-00E54E706D3C}"
"Let Windows suggest Ease of Access settings","","::{26EE0668-A00A-44D7-9371-BEB064C98683}\0\::{ED7BA470-8E54-465E-825C-99712043E01C}\{F120B10E-C882-4613-955F-B4DF13C6E803}"
"Magnify portions of the screen using Magnifier","","::{26EE0668-A00A-44D7-9371-BEB064C98683}\0\::{ED7BA470-8E54-465E-825C-99712043E01C}\{3D8638E3-EC96-4CE8-8279-36B0065B5F2C}"
"Move the pointer with the keypad using MouseKeys","","::{26EE0668-A00A-44D7-9371-BEB064C98683}\0\::{ED7BA470-8E54-465E-825C-99712043E01C}\{7238DF62-4FD5-410A-9ED2-55B1DBB3442D}"
"Optimize for blindness","","::{26EE0668-A00A-44D7-9371-BEB064C98683}\0\::{ED7BA470-8E54-465E-825C-99712043E01C}\{AD312C84-CB4F-4C49-9D5D-E84123D33DE4}"
"Optimize visual display","","::{26EE0668-A00A-44D7-9371-BEB064C98683}\0\::{ED7BA470-8E54-465E-825C-99712043E01C}\{54692DB7-FC98-4D5E-AC15-CC5095FA5669}"
"Press key combinations one at a time","","::{26EE0668-A00A-44D7-9371-BEB064C98683}\0\::{ED7BA470-8E54-465E-825C-99712043E01C}\{E5A79670-70E6-43F8-9143-E0D334599E6C}"
"Replace sounds with visual cues","","::{26EE0668-A00A-44D7-9371-BEB064C98683}\0\::{ED7BA470-8E54-465E-825C-99712043E01C}\{C3F521C1-249F-48FD-9D9D-731EA4568776}"
"Turn High Contrast on or off","","::{26EE0668-A00A-44D7-9371-BEB064C98683}\0\::{ED7BA470-8E54-465E-825C-99712043E01C}\{3A0EF024-0434-4E4D-8548-6940D00EF72A}"
"Turn Magnifier on or off","","::{26EE0668-A00A-44D7-9371-BEB064C98683}\0\::{ED7BA470-8E54-465E-825C-99712043E01C}\{9C945AFD-77F9-4BDA-94B8-58D2A9DCDB2E}"
"Turn off background images","","::{26EE0668-A00A-44D7-9371-BEB064C98683}\0\::{ED7BA470-8E54-465E-825C-99712043E01C}\{E2990AA8-20F1-435D-9D78-679171138FD5}"
"Turn off unnecessary animations","","::{26EE0668-A00A-44D7-9371-BEB064C98683}\0\::{ED7BA470-8E54-465E-825C-99712043E01C}\{0374B07C-9111-4B30-BE13-BFC947F27ADA}"
"Turn On-Screen keyboard on or off","","::{26EE0668-A00A-44D7-9371-BEB064C98683}\0\::{ED7BA470-8E54-465E-825C-99712043E01C}\{08E0BCF8-0E51-4C9F-9425-F7A2B8AF88D5}"
"Turn on easy access keys","","::{26EE0668-A00A-44D7-9371-BEB064C98683}\0\::{ED7BA470-8E54-465E-825C-99712043E01C}\{73C9C58C-2E01-4F68-B1B9-7A4DD2EF71F7}"
"Use audio description for video","","::{26EE0668-A00A-44D7-9371-BEB064C98683}\0\::{ED7BA470-8E54-465E-825C-99712043E01C}\{B0B4886C-4B31-4824-ADCD-0DAF5C8BAFF6}"
"View current accessibility settings","","::{26EE0668-A00A-44D7-9371-BEB064C98683}\0\::{ED7BA470-8E54-465E-825C-99712043E01C}\{7ABBE8E6-757F-419A-B2E0-07D5694F8E0F}"
"Turn off automatic window arrangement","","::{26EE0668-A00A-44D7-9371-BEB064C98683}\0\::{ED7BA470-8E54-465E-825C-99712043E01C}\{CE4F7091-EEC0-400E-A019-38503D525293}"
"Create and format hard disk partitions","","::{26EE0668-A00A-44D7-9371-BEB064C98683}\0\::{ED7BA470-8E54-465E-825C-99712043E01C}\{EE423D17-7ED8-4B33-9555-C23DEEAFB4B6}"
"Defragment and optimize your drives","","::{26EE0668-A00A-44D7-9371-BEB064C98683}\0\::{ED7BA470-8E54-465E-825C-99712043E01C}\{7D13A5DB-6081-48BD-8EA3-A9D7FE67A335}"
"Diagnose your computer's memory problems","","::{26EE0668-A00A-44D7-9371-BEB064C98683}\0\::{ED7BA470-8E54-465E-825C-99712043E01C}\{9430DB91-B966-4971-A955-E3DBA1F889E7}"
"Edit group policy","","::{26EE0668-A00A-44D7-9371-BEB064C98683}\0\::{ED7BA470-8E54-465E-825C-99712043E01C}\{C5AE651D-D027-4D11-8125-595B9933C78B}"
"Free up disk space by deleting unnecessary files","","::{26EE0668-A00A-44D7-9371-BEB064C98683}\0\::{ED7BA470-8E54-465E-825C-99712043E01C}\{AACA901F-E74F-4894-B074-F55059532853}"
"Schedule tasks","","::{26EE0668-A00A-44D7-9371-BEB064C98683}\0\::{ED7BA470-8E54-465E-825C-99712043E01C}\{C16A18A2-DC4F-4B7D-92F1-14C430AD17DC}"
"Set up ODBC data sources (32-bit)","","::{26EE0668-A00A-44D7-9371-BEB064C98683}\0\::{ED7BA470-8E54-465E-825C-99712043E01C}\{420C524A-2A76-43F7-B1B2-C3CF736557C7}"
"Set up ODBC data sources (64-bit)","","::{26EE0668-A00A-44D7-9371-BEB064C98683}\0\::{ED7BA470-8E54-465E-825C-99712043E01C}\{4BCD16D0-BA72-4F0D-88F9-50D912BFA2B2}"
"Set up iSCSI initiator","","::{26EE0668-A00A-44D7-9371-BEB064C98683}\0\::{ED7BA470-8E54-465E-825C-99712043E01C}\{944A41B9-C0FD-41AE-A6DF-5AC4FE5A59B4}"
"View event logs","","::{26EE0668-A00A-44D7-9371-BEB064C98683}\0\::{ED7BA470-8E54-465E-825C-99712043E01C}\{45FDB5DF-1457-4A41-A824-7AD9C75767BC}"
"View local services","","::{26EE0668-A00A-44D7-9371-BEB064C98683}\0\::{ED7BA470-8E54-465E-825C-99712043E01C}\{6775CCA4-CC42-44F7-800C-4E94FF1EA8C0}"
"Manage computer certificates","","::{26EE0668-A00A-44D7-9371-BEB064C98683}\0\::{ED7BA470-8E54-465E-825C-99712043E01C}\{693E4EF5-9060-469B-AB2E-948B6B68A883}"
"Uninstall a program","","::{26EE0668-A00A-44D7-9371-BEB064C98683}\0\::{ED7BA470-8E54-465E-825C-99712043E01C}\{040873CB-404A-49FE-A254-A9BB9CEFAEA5}"
"Add or remove programs","","::{26EE0668-A00A-44D7-9371-BEB064C98683}\0\::{ED7BA470-8E54-465E-825C-99712043E01C}\{A3C2D653-DD00-40F1-8E53-796F9BA1EE01}"
"View installed updates","","::{26EE0668-A00A-44D7-9371-BEB064C98683}\0\::{ED7BA470-8E54-465E-825C-99712043E01C}\{A7160DE5-E591-4D98-9BB0-0CAC99D5F2D5}"
"Turn Windows features on or off","","::{26EE0668-A00A-44D7-9371-BEB064C98683}\0\::{ED7BA470-8E54-465E-825C-99712043E01C}\{91BA8E01-F854-4418-A108-E63323DDAE60}"
"Show which programs are installed on your computer","","::{26EE0668-A00A-44D7-9371-BEB064C98683}\0\::{ED7BA470-8E54-465E-825C-99712043E01C}\{8766D9F4-521B-4B59-9F56-5ADF4F206C0E}"
"How to install a program","","::{26EE0668-A00A-44D7-9371-BEB064C98683}\0\::{ED7BA470-8E54-465E-825C-99712043E01C}\{0747A7B5-1806-45A4-9C3B-9CA4B0349754}"
"Change or remove a program","","::{26EE0668-A00A-44D7-9371-BEB064C98683}\0\::{ED7BA470-8E54-465E-825C-99712043E01C}\{98CCA0B9-CF6C-4FFD-98E1-87BFEDDD4D21}"
"Run programs made for previous versions of Windows","","::{26EE0668-A00A-44D7-9371-BEB064C98683}\0\::{ED7BA470-8E54-465E-825C-99712043E01C}\{29B87534-19A8-4A39-AA81-2148E7DE5894}"
"View devices and printers","","::{26EE0668-A00A-44D7-9371-BEB064C98683}\0\::{ED7BA470-8E54-465E-825C-99712043E01C}\{DAF32862-EF3D-4D61-AB92-47AEB51DDC80}"
"Add a device","","::{26EE0668-A00A-44D7-9371-BEB064C98683}\0\::{ED7BA470-8E54-465E-825C-99712043E01C}\{D3D71B01-F746-499E-A426-FF63FAC98C19}"
"Advanced printer setup","","::{26EE0668-A00A-44D7-9371-BEB064C98683}\0\::{ED7BA470-8E54-465E-825C-99712043E01C}\{11E71674-7556-4E27-8D59-03B2FA846204}"
"Add a Bluetooth device","","::{26EE0668-A00A-44D7-9371-BEB064C98683}\0\::{ED7BA470-8E54-465E-825C-99712043E01C}\{0D2EC3D1-4305-4153-92D1-7E56311B2C00}"
"Device Manager","","::{26EE0668-A00A-44D7-9371-BEB064C98683}\0\::{ED7BA470-8E54-465E-825C-99712043E01C}\{C5361E07-6AA3-4453-81BC-93E8F85EABED}"
"Change Windows To Go startup options","","::{26EE0668-A00A-44D7-9371-BEB064C98683}\0\::{ED7BA470-8E54-465E-825C-99712043E01C}\{EF8F379B-747B-4C8E-B3D1-4A29E6CF45AE}"
"Change default printer","","::{26EE0668-A00A-44D7-9371-BEB064C98683}\0\::{ED7BA470-8E54-465E-825C-99712043E01C}\{CF081448-68EC-4969-9F8B-BB23B329B712}"
"View scanners and cameras","","::{26EE0668-A00A-44D7-9371-BEB064C98683}\0\::{ED7BA470-8E54-465E-825C-99712043E01C}\{5DE5B491-2CEA-4AD9-824A-982A22C0B64E}"
"Change Bluetooth settings","","::{26EE0668-A00A-44D7-9371-BEB064C98683}\0\::{ED7BA470-8E54-465E-825C-99712043E01C}\{1515BA81-68EB-4143-A29F-51A40A65DAE6}"
"Set up USB game controllers","","::{26EE0668-A00A-44D7-9371-BEB064C98683}\0\::{ED7BA470-8E54-465E-825C-99712043E01C}\{CD2A5953-36A2-427D-B762-3610F37A5D89}"
"Change device installation settings","","::{26EE0668-A00A-44D7-9371-BEB064C98683}\0\::{ED7BA470-8E54-465E-825C-99712043E01C}\{083D5202-600A-4F38-981B-2D138FBDC4D1}"
"Change advanced color management settings for displays, scanners, and printers","","::{26EE0668-A00A-44D7-9371-BEB064C98683}\0\::{ED7BA470-8E54-465E-825C-99712043E01C}\{54D8069E-E75A-4437-B45B-8EB3B8C97434}"
"Add clocks for different time zones","","::{26EE0668-A00A-44D7-9371-BEB064C98683}\0\::{ED7BA470-8E54-465E-825C-99712043E01C}\{141D98AD-3E07-4C44-A578-4DCA078286A4}"
"Automatically adjust for daylight saving time","","::{26EE0668-A00A-44D7-9371-BEB064C98683}\0\::{ED7BA470-8E54-465E-825C-99712043E01C}\{1F7C24AC-B26E-4824-84EA-9026B9C0AF0D}"
"Change the time zone","","::{26EE0668-A00A-44D7-9371-BEB064C98683}\0\::{ED7BA470-8E54-465E-825C-99712043E01C}\{03ED382E-33A2-4E20-A7C3-26AFE018D886}"
"Set the time and date","","::{26EE0668-A00A-44D7-9371-BEB064C98683}\0\::{ED7BA470-8E54-465E-825C-99712043E01C}\{D58D0F32-9128-40D3-89AF-8C63C5167C99}"
"Change default settings for media or devices","","::{26EE0668-A00A-44D7-9371-BEB064C98683}\0\::{ED7BA470-8E54-465E-825C-99712043E01C}\{4F9B0706-0A8F-45B0-BFA6-C66CD45246D7}"
"Play CDs or other media automatically","","::{26EE0668-A00A-44D7-9371-BEB064C98683}\0\::{ED7BA470-8E54-465E-825C-99712043E01C}\{E6243488-3449-4D4D-98AA-FFC14E3FF0F8}"
"Start or stop using AutoPlay for all media and devices","","::{26EE0668-A00A-44D7-9371-BEB064C98683}\0\::{ED7BA470-8E54-465E-825C-99712043E01C}\{6565D6E8-06A0-481C-A209-D43263C5A3B3}"
"Change search options for files and folders","","::{26EE0668-A00A-44D7-9371-BEB064C98683}\0\::{ED7BA470-8E54-465E-825C-99712043E01C}\{5BB16858-F647-465E-BCFD-010EE9DD41B7}"
"Change the file type associated with a file extension","","::{26EE0668-A00A-44D7-9371-BEB064C98683}\0\::{ED7BA470-8E54-465E-825C-99712043E01C}\{ABB4509D-9043-4EF2-8796-E4646ECF951D}"
"Show hidden files and folders","","::{26EE0668-A00A-44D7-9371-BEB064C98683}\0\::{ED7BA470-8E54-465E-825C-99712043E01C}\{9891D47B-7E37-4265-BAD2-1FA991543B90}"
"Show or hide file extensions","","::{26EE0668-A00A-44D7-9371-BEB064C98683}\0\::{ED7BA470-8E54-465E-825C-99712043E01C}\{4A2F952E-0618-467F-ADC5-FEBB66AEB82F}"
"Specify single- or double-click to open","","::{26EE0668-A00A-44D7-9371-BEB064C98683}\0\::{ED7BA470-8E54-465E-825C-99712043E01C}\{B1207959-FFBF-4417-A6B1-4BF0EDA51F5A}"
"Preview, delete, or show and hide fonts","","::{26EE0668-A00A-44D7-9371-BEB064C98683}\0\::{ED7BA470-8E54-465E-825C-99712043E01C}\{D1AF7F5F-18C1-4143-81E5-EDAF02255883}"
"Change Font Settings","","::{26EE0668-A00A-44D7-9371-BEB064C98683}\0\::{ED7BA470-8E54-465E-825C-99712043E01C}\{7429F4F9-AE58-401A-82AD-723F3C6BDDD6}"
"View installed fonts","","::{26EE0668-A00A-44D7-9371-BEB064C98683}\0\::{ED7BA470-8E54-465E-825C-99712043E01C}\{96BC4455-FDA3-4DE2-8B71-9D1953F0B32D}"
"Private Character Editor","","::{26EE0668-A00A-44D7-9371-BEB064C98683}\0\::{ED7BA470-8E54-465E-825C-99712043E01C}\{FFA33B6C-DC4D-438C-893F-EBF44A09BFC0}"
"Block or allow pop-ups","","::{26EE0668-A00A-44D7-9371-BEB064C98683}\0\::{ED7BA470-8E54-465E-825C-99712043E01C}\{201CEF4B-7444-4B2F-B885-5E8F0AA1D614}"
"Block or allow third-party cookies","","::{26EE0668-A00A-44D7-9371-BEB064C98683}\0\::{ED7BA470-8E54-465E-825C-99712043E01C}\{9BA8A9A5-F1C1-4F09-AE9A-EFEAA5961BE3}"
"Change how web pages are displayed in tabs","","::{26EE0668-A00A-44D7-9371-BEB064C98683}\0\::{ED7BA470-8E54-465E-825C-99712043E01C}\{21A5437E-D266-4F56-A146-06744A8BC071}"
"Change security settings","","::{26EE0668-A00A-44D7-9371-BEB064C98683}\0\::{ED7BA470-8E54-465E-825C-99712043E01C}\{4228F99D-227F-4058-9EA3-BB2B616D7444}"
"Change temporary Internet file settings","","::{26EE0668-A00A-44D7-9371-BEB064C98683}\0\::{ED7BA470-8E54-465E-825C-99712043E01C}\{84C9670E-825D-4128-B173-2963886C5A3E}"
"Change the search provider in Internet Explorer","","::{26EE0668-A00A-44D7-9371-BEB064C98683}\0\::{ED7BA470-8E54-465E-825C-99712043E01C}\{A73DCDB5-E233-4FC2-8083-6E431939002A}"
"Change your homepage","","::{26EE0668-A00A-44D7-9371-BEB064C98683}\0\::{ED7BA470-8E54-465E-825C-99712043E01C}\{BABB24A6-0242-4AE5-BD83-C5816526F63D}"
"Configure proxy server","","::{26EE0668-A00A-44D7-9371-BEB064C98683}\0\::{ED7BA470-8E54-465E-825C-99712043E01C}\{B7622F10-9A47-4BF2-B6EF-2C20B4510254}"
"Delete browsing history","","::{26EE0668-A00A-44D7-9371-BEB064C98683}\0\::{ED7BA470-8E54-465E-825C-99712043E01C}\{6CBA2898-2EFE-4604-9933-F1F64DAE2A32}"
"Delete cookies or temporary files","","::{26EE0668-A00A-44D7-9371-BEB064C98683}\0\::{ED7BA470-8E54-465E-825C-99712043E01C}\{2D06D17B-2A5F-4835-AF30-6D2D58A4A66C}"
"Enable or disable session cookies","","::{26EE0668-A00A-44D7-9371-BEB064C98683}\0\::{ED7BA470-8E54-465E-825C-99712043E01C}\{8050502B-9B94-408C-BF49-D2D8887C1BCF}"
"Manage browser add-ons","","::{26EE0668-A00A-44D7-9371-BEB064C98683}\0\::{ED7BA470-8E54-465E-825C-99712043E01C}\{0F1B68F6-B72D-4229-BC9C-A87F0B16B17B}"
"Tell if an RSS feed is available on a website","","::{26EE0668-A00A-44D7-9371-BEB064C98683}\0\::{ED7BA470-8E54-465E-825C-99712043E01C}\{907F262A-012A-4F6A-94C9-F479F3E6EE16}"
"Turn autocomplete in Internet Explorer on or off","","::{26EE0668-A00A-44D7-9371-BEB064C98683}\0\::{ED7BA470-8E54-465E-825C-99712043E01C}\{9389633E-8BCB-4448-93CD-EBFFA0759257}"
"Choose how you open links","","::{26EE0668-A00A-44D7-9371-BEB064C98683}\0\::{ED7BA470-8E54-465E-825C-99712043E01C}\{D5D5B38A-0FD8-43B6-8C7D-372D84BD357D}"
"Change cursor blink rate","","::{26EE0668-A00A-44D7-9371-BEB064C98683}\0\::{ED7BA470-8E54-465E-825C-99712043E01C}\{33843DB0-24E7-4682-A019-5393D7F2BFFA}"
"Check keyboard status","","::{26EE0668-A00A-44D7-9371-BEB064C98683}\0\::{ED7BA470-8E54-465E-825C-99712043E01C}\{E00117F3-53BA-4E06-B9BF-B8E22A1469E6}"
"Change mouse settings","","::{26EE0668-A00A-44D7-9371-BEB064C98683}\0\::{ED7BA470-8E54-465E-825C-99712043E01C}\{4DE175B5-44AB-4397-9E01-38E9DE4F0FB1}"
"Change how the mouse pointer looks","","::{26EE0668-A00A-44D7-9371-BEB064C98683}\0\::{ED7BA470-8E54-465E-825C-99712043E01C}\{53440D79-CD2D-4013-B192-D478AE882E53}"
"Change how the mouse pointer looks when it's moving","","::{26EE0668-A00A-44D7-9371-BEB064C98683}\0\::{ED7BA470-8E54-465E-825C-99712043E01C}\{0DF721FA-F921-4416-A491-1924F212C705}"
"Change mouse click settings","","::{26EE0668-A00A-44D7-9371-BEB064C98683}\0\::{ED7BA470-8E54-465E-825C-99712043E01C}\{F14A9477-D4A5-4AEE-AF28-8F750F1B85FA}"
"Change mouse wheel settings","","::{26EE0668-A00A-44D7-9371-BEB064C98683}\0\::{ED7BA470-8E54-465E-825C-99712043E01C}\{7613CE69-E922-4432-980F-136A1A26C487}"
"Change the mouse pointer display or speed","","::{26EE0668-A00A-44D7-9371-BEB064C98683}\0\::{ED7BA470-8E54-465E-825C-99712043E01C}\{6AE88B06-50B2-46B0-93EA-4B5C73D3A0B5}"
"Customize the mouse buttons","","::{26EE0668-A00A-44D7-9371-BEB064C98683}\0\::{ED7BA470-8E54-465E-825C-99712043E01C}\{7EB05C8F-39D3-4E6F-9B4F-23B31D6F79AD}"
"Make it easier to see the mouse pointer","","::{26EE0668-A00A-44D7-9371-BEB064C98683}\0\::{ED7BA470-8E54-465E-825C-99712043E01C}\{265DF4DF-E185-4C09-9BA9-710521133A43}"
"Set up dialing rules","","::{26EE0668-A00A-44D7-9371-BEB064C98683}\0\::{ED7BA470-8E54-465E-825C-99712043E01C}\{3A100872-EC27-46A5-BBCC-92C90635AE3B}"
"Change power-saving settings","","::{26EE0668-A00A-44D7-9371-BEB064C98683}\0\::{ED7BA470-8E54-465E-825C-99712043E01C}\{7A38E74B-40E2-483F-B353-E6E391E54052}"
"Change what the power buttons do","","::{26EE0668-A00A-44D7-9371-BEB064C98683}\0\::{ED7BA470-8E54-465E-825C-99712043E01C}\{E5907A23-4A25-4D75-A16E-16822E2FA38B}"
"Change when the computer sleeps","","::{26EE0668-A00A-44D7-9371-BEB064C98683}\0\::{ED7BA470-8E54-465E-825C-99712043E01C}\{80A74F0F-B6B6-4314-93AF-98AFDF82A92E}"
"Choose when to turn off display","","::{26EE0668-A00A-44D7-9371-BEB064C98683}\0\::{ED7BA470-8E54-465E-825C-99712043E01C}\{17266CB8-4A4F-49D1-B8AF-2316935D4768}"
"Choose a power plan","","::{26EE0668-A00A-44D7-9371-BEB064C98683}\0\::{ED7BA470-8E54-465E-825C-99712043E01C}\{8BB27EC5-5CB3-4781-BAEE-3439DF4806E4}"
"Edit power plan","","::{26EE0668-A00A-44D7-9371-BEB064C98683}\0\::{ED7BA470-8E54-465E-825C-99712043E01C}\{F56FBB39-E6D9-4B6D-9C29-AE82CFF2925F}"
"Change screen saver","","::{26EE0668-A00A-44D7-9371-BEB064C98683}\0\::{ED7BA470-8E54-465E-825C-99712043E01C}\{DF7B19EF-DEA5-47D7-BBA5-9FCBE400A59D}"
"Turn screen saver on or off","","::{26EE0668-A00A-44D7-9371-BEB064C98683}\0\::{ED7BA470-8E54-465E-825C-99712043E01C}\{EFACECBA-BCCD-468B-BAB3-7CA40A898982}"
"Change date, time, or number formats","","::{26EE0668-A00A-44D7-9371-BEB064C98683}\0\::{ED7BA470-8E54-465E-825C-99712043E01C}\{7B083C74-CBA5-4A73-B235-8A5A71A1AE30}"
"Change the way currency is displayed","","::{26EE0668-A00A-44D7-9371-BEB064C98683}\0\::{ED7BA470-8E54-465E-825C-99712043E01C}\{71D0780F-10D2-459C-983B-94A642161220}"
"Change the way dates and lists are displayed","","::{26EE0668-A00A-44D7-9371-BEB064C98683}\0\::{ED7BA470-8E54-465E-825C-99712043E01C}\{50DF4F13-4188-49C3-B2FB-A76404DC0ACF}"
"Change the way measurements are displayed","","::{26EE0668-A00A-44D7-9371-BEB064C98683}\0\::{ED7BA470-8E54-465E-825C-99712043E01C}\{1A5712E4-AAD7-4717-B22A-CF0B8438E2E6}"
"Change the way time is displayed","","::{26EE0668-A00A-44D7-9371-BEB064C98683}\0\::{ED7BA470-8E54-465E-825C-99712043E01C}\{AF43E35C-47E7-4CD6-9D98-1319CA58AB0F}"
"Change how Windows searches","","::{26EE0668-A00A-44D7-9371-BEB064C98683}\0\::{ED7BA470-8E54-465E-825C-99712043E01C}\{D4690CFE-6A59-4BAB-BFF7-9ED0D083E798}"
"View recent messages about your computer","","::{26EE0668-A00A-44D7-9371-BEB064C98683}\0\::{ED7BA470-8E54-465E-825C-99712043E01C}\{950FD00B-C4A9-4465-852A-B1EB51E2E7F6}"
"Review your computer's status and resolve issues","","::{26EE0668-A00A-44D7-9371-BEB064C98683}\0\::{ED7BA470-8E54-465E-825C-99712043E01C}\{FEBB9292-6110-4B9E-8565-91C4076E0A43}"
"Change User Account Control settings","","::{26EE0668-A00A-44D7-9371-BEB064C98683}\0\::{ED7BA470-8E54-465E-825C-99712043E01C}\{638F8E21-E157-40D7-97E0-A0C8E4C4E2B5}"
"View reliability history","","::{26EE0668-A00A-44D7-9371-BEB064C98683}\0\::{ED7BA470-8E54-465E-825C-99712043E01C}\{90AB71CE-BAB6-4CA2-84FE-629338405756}"
"Fix problems with your computer","","::{26EE0668-A00A-44D7-9371-BEB064C98683}\0\::{ED7BA470-8E54-465E-825C-99712043E01C}\{36FB1658-3A23-4D62-9BFD-37F4B18A85E9}"
"View recommended actions to keep Windows running smoothly","","::{26EE0668-A00A-44D7-9371-BEB064C98683}\0\::{ED7BA470-8E54-465E-825C-99712043E01C}\{0E1D43A6-F261-491C-84EA-8BFCC6A4B70B}"
"Check security status","","::{26EE0668-A00A-44D7-9371-BEB064C98683}\0\::{ED7BA470-8E54-465E-825C-99712043E01C}\{1A4635EC-181D-45AE-B691-BC75BEC02756}"
"View all problem reports","","::{26EE0668-A00A-44D7-9371-BEB064C98683}\0\::{ED7BA470-8E54-465E-825C-99712043E01C}\{FEFF8F5D-EB40-485D-AC2A-EB7942DDF624}"
"Change Automatic Maintenance settings","","::{26EE0668-A00A-44D7-9371-BEB064C98683}\0\::{ED7BA470-8E54-465E-825C-99712043E01C}\{FADA4BFB-4853-4547-B70F-1B565E7D907B}"
"Adjust system volume","","::{26EE0668-A00A-44D7-9371-BEB064C98683}\0\::{ED7BA470-8E54-465E-825C-99712043E01C}\{37E2F32E-C821-4094-B429-2B4E8EA810AA}"
"Change sound card settings","","::{26EE0668-A00A-44D7-9371-BEB064C98683}\0\::{ED7BA470-8E54-465E-825C-99712043E01C}\{96DF8B78-8299-4BC1-B56B-6C375FBEC228}"
"Change system sounds","","::{26EE0668-A00A-44D7-9371-BEB064C98683}\0\::{ED7BA470-8E54-465E-825C-99712043E01C}\{0CDC534D-A9FF-450D-91D8-96C341ED44AA}"
"Manage audio devices","","::{26EE0668-A00A-44D7-9371-BEB064C98683}\0\::{ED7BA470-8E54-465E-825C-99712043E01C}\{5D611F64-7985-459B-BDFF-AEC069CB2625}"
"Manage offline files","","::{26EE0668-A00A-44D7-9371-BEB064C98683}\0\::{ED7BA470-8E54-465E-825C-99712043E01C}\{030C20F0-E20B-417A-B7AD-CEC6EE955CD3}"
"Adjust the appearance and performance of Windows","","::{26EE0668-A00A-44D7-9371-BEB064C98683}\0\::{ED7BA470-8E54-465E-825C-99712043E01C}\{6A10BC7B-2586-4B57-A5AA-C14BDE743DC4}"
"Allow remote access to your computer","","::{26EE0668-A00A-44D7-9371-BEB064C98683}\0\::{ED7BA470-8E54-465E-825C-99712043E01C}\{728047C0-00D2-4FDB-A069-06338B92E93B}"
"Allow Remote Assistance invitations to be sent from this computer","","::{26EE0668-A00A-44D7-9371-BEB064C98683}\0\::{ED7BA470-8E54-465E-825C-99712043E01C}\{33F1F9B5-BD94-4D77-96AE-62F10E4A010A}"
"Invite someone to connect to your PC and help you, or offer to help someone else","","::{26EE0668-A00A-44D7-9371-BEB064C98683}\0\::{ED7BA470-8E54-465E-825C-99712043E01C}\{D652F9E4-08FD-4A24-8EAC-05715188233E}"
"Change workgroup name","","::{26EE0668-A00A-44D7-9371-BEB064C98683}\0\::{ED7BA470-8E54-465E-825C-99712043E01C}\{B935C3B6-969C-4FC2-B96C-7F06794471AF}"
"Check processor speed","","::{26EE0668-A00A-44D7-9371-BEB064C98683}\0\::{ED7BA470-8E54-465E-825C-99712043E01C}\{87454AD9-0669-4C0B-8DFE-D1FD83EDD787}"
"Configure advanced user profile properties","","::{26EE0668-A00A-44D7-9371-BEB064C98683}\0\::{ED7BA470-8E54-465E-825C-99712043E01C}\{059ECE57-19D1-4112-B05C-86F8ED5DA6B0}"
"Create a restore point","","::{26EE0668-A00A-44D7-9371-BEB064C98683}\0\::{ED7BA470-8E54-465E-825C-99712043E01C}\{DD338333-7000-45CC-A84D-64680D6E683D}"
"Edit environment variables for your account","","::{26EE0668-A00A-44D7-9371-BEB064C98683}\0\::{ED7BA470-8E54-465E-825C-99712043E01C}\{37092408-D49C-451D-B56D-78B243DC475C}"
"Edit the system environment variables","","::{26EE0668-A00A-44D7-9371-BEB064C98683}\0\::{ED7BA470-8E54-465E-825C-99712043E01C}\{E2394C16-F45A-496F-83CC-49E163281662}"
"How to change the size of virtual memory","","::{26EE0668-A00A-44D7-9371-BEB064C98683}\0\::{ED7BA470-8E54-465E-825C-99712043E01C}\{025CD993-3A34-409A-8BD0-928B06BEE68F}"
"Join a domain","","::{26EE0668-A00A-44D7-9371-BEB064C98683}\0\::{ED7BA470-8E54-465E-825C-99712043E01C}\{33C56305-BA7B-48E0-9784-2D05E3F5D27E}"
"Rename this computer","","::{26EE0668-A00A-44D7-9371-BEB064C98683}\0\::{ED7BA470-8E54-465E-825C-99712043E01C}\{1845AA13-3644-4FBC-B766-EEEF29683256}"
"Create a recovery drive","","::{26EE0668-A00A-44D7-9371-BEB064C98683}\0\::{ED7BA470-8E54-465E-825C-99712043E01C}\{C86B1923-8E1F-414B-83DB-94B09BA73E15}"
"See the name of this computer","","::{26EE0668-A00A-44D7-9371-BEB064C98683}\0\::{ED7BA470-8E54-465E-825C-99712043E01C}\{231A4A2D-E36A-46CD-84E6-F38551540242}"
"Select users who can use remote desktop","","::{26EE0668-A00A-44D7-9371-BEB064C98683}\0\::{ED7BA470-8E54-465E-825C-99712043E01C}\{E2E2F6CF-9D1A-4004-8999-8AB81010B5AC}"
"Show how much RAM is on this computer","","::{26EE0668-A00A-44D7-9371-BEB064C98683}\0\::{ED7BA470-8E54-465E-825C-99712043E01C}\{9AF7F177-BD1C-4E3A-902F-BA0276FDC9ED}"
"Show which operating system your computer is running","","::{26EE0668-A00A-44D7-9371-BEB064C98683}\0\::{ED7BA470-8E54-465E-825C-99712043E01C}\{B0A7A618-4DC5-4C8D-996A-70DE2F8BAD25}"
"Show which workgroup this computer is on","","::{26EE0668-A00A-44D7-9371-BEB064C98683}\0\::{ED7BA470-8E54-465E-825C-99712043E01C}\{D995F7E9-727D-4AD6-83F3-A4A753965A8F}"
"View advanced system settings","","::{26EE0668-A00A-44D7-9371-BEB064C98683}\0\::{ED7BA470-8E54-465E-825C-99712043E01C}\{B1FE5142-DEDD-409B-BCC8-547EC08DE84E}"
"Task Manager","","::{26EE0668-A00A-44D7-9371-BEB064C98683}\0\::{ED7BA470-8E54-465E-825C-99712043E01C}\{E9C71548-B580-43B2-ACDB-1BA924002754}"
"View system resource usage in Task Manager","","::{26EE0668-A00A-44D7-9371-BEB064C98683}\0\::{ED7BA470-8E54-465E-825C-99712043E01C}\{CD95D0E3-6B3A-495B-9FDA-57FAD586304D}"
"See which processes start up automatically when you start Windows","","::{26EE0668-A00A-44D7-9371-BEB064C98683}\0\::{ED7BA470-8E54-465E-825C-99712043E01C}\{E4B554C8-B067-4540-A478-0565BB1F76B9}"
"Auto-hide the taskbar","","::{26EE0668-A00A-44D7-9371-BEB064C98683}\0\::{ED7BA470-8E54-465E-825C-99712043E01C}\{FE777427-D33C-485B-A414-3BD5A2943162}"
"Navigation properties","","::{26EE0668-A00A-44D7-9371-BEB064C98683}\0\::{ED7BA470-8E54-465E-825C-99712043E01C}\{09BF6A57-7BF7-4389-8D6F-2BCF6A26BB4E}"
"Customize the taskbar","","::{26EE0668-A00A-44D7-9371-BEB064C98683}\0\::{ED7BA470-8E54-465E-825C-99712043E01C}\{16C327FA-D8A8-41C0-B022-64AC67715327}"
"Group similar windows on the taskbar","","::{26EE0668-A00A-44D7-9371-BEB064C98683}\0\::{ED7BA470-8E54-465E-825C-99712043E01C}\{2B6FE85A-C7AA-440F-B9A3-3F5EDCA3F6C2}"
"Lock or unlock the taskbar","","::{26EE0668-A00A-44D7-9371-BEB064C98683}\0\::{ED7BA470-8E54-465E-825C-99712043E01C}\{06FF5AE9-8F7C-41AD-B71B-62137DE26715}"
"What happened to the Quick Launch toolbar?","","::{26EE0668-A00A-44D7-9371-BEB064C98683}\0\::{ED7BA470-8E54-465E-825C-99712043E01C}\{DECD0904-8AB3-4467-B095-2DAB159871E7}"
"Remove user accounts","","::{26EE0668-A00A-44D7-9371-BEB064C98683}\0\::{ED7BA470-8E54-465E-825C-99712043E01C}\{33C29E1D-D8BE-4811-8496-1FE0F9164F63}"
"Change account type","","::{26EE0668-A00A-44D7-9371-BEB064C98683}\0\::{ED7BA470-8E54-465E-825C-99712043E01C}\{63A7F0F7-6ACD-4D19-92FE-FB4BD9D35BA6}"
"Create a password reset disk","","::{26EE0668-A00A-44D7-9371-BEB064C98683}\0\::{ED7BA470-8E54-465E-825C-99712043E01C}\{906435EC-336D-4B77-BCD6-397DE8318852}"
"Create an account","","::{26EE0668-A00A-44D7-9371-BEB064C98683}\0\::{ED7BA470-8E54-465E-825C-99712043E01C}\{392226F2-0330-41AC-A14C-930BF2ECD136}"
"Create standard user account","","::{26EE0668-A00A-44D7-9371-BEB064C98683}\0\::{ED7BA470-8E54-465E-825C-99712043E01C}\{181A6367-8AD9-4D95-B244-3CA1B1C8F947}"
"Make changes to accounts","","::{26EE0668-A00A-44D7-9371-BEB064C98683}\0\::{ED7BA470-8E54-465E-825C-99712043E01C}\{DED00988-1B8D-4390-924D-C7E85A254953}"
"Manage file encryption certificates","","::{26EE0668-A00A-44D7-9371-BEB064C98683}\0\::{ED7BA470-8E54-465E-825C-99712043E01C}\{7E5BC096-F558-419A-9326-BC6414D592C3}"
"Manage user certificates","","::{26EE0668-A00A-44D7-9371-BEB064C98683}\0\::{ED7BA470-8E54-465E-825C-99712043E01C}\{693E4EF4-9060-469B-AB2E-948B6B68A883}"
"Manage network passwords","","::{26EE0668-A00A-44D7-9371-BEB064C98683}\0\::{ED7BA470-8E54-465E-825C-99712043E01C}\{082594D9-8481-43F0-AE8F-62EA920A4220}"
"Allow an app through Windows Firewall","","::{26EE0668-A00A-44D7-9371-BEB064C98683}\0\::{ED7BA470-8E54-465E-825C-99712043E01C}\{1928DA28-C5A7-4F13-AF81-8238D57A793F}"
"Check firewall status","","::{26EE0668-A00A-44D7-9371-BEB064C98683}\0\::{ED7BA470-8E54-465E-825C-99712043E01C}\{F2E71049-6F88-4A3B-9475-5A2B40B36092}"
"Manage BitLocker","","::{26EE0668-A00A-44D7-9371-BEB064C98683}\0\::{ED7BA470-8E54-465E-825C-99712043E01C}\{886EDAFC-1051-483F-8AE2-904087A7E580}"
"Manage Storage Spaces","","::{26EE0668-A00A-44D7-9371-BEB064C98683}\0\::{ED7BA470-8E54-465E-825C-99712043E01C}\{232A1851-808C-4B44-A92A-38E862989CE5}"
"Manage Work Folders","","::{26EE0668-A00A-44D7-9371-BEB064C98683}\0\::{ED7BA470-8E54-465E-825C-99712043E01C}\{38BD6D6E-BF78-4C31-B05A-7447EE37669F}"
"Connect to a network","","::{26EE0668-A00A-44D7-9371-BEB064C98683}\0\::{ED7BA470-8E54-465E-825C-99712043E01C}\{EDB046FF-3554-4BD0-B152-DE4DF7071CA8}"
"Set up a connection or network","","::{26EE0668-A00A-44D7-9371-BEB064C98683}\0\::{ED7BA470-8E54-465E-825C-99712043E01C}\{60C811E8-C857-404E-98BB-EE5D83C1DF5A}"
"Identify and repair network problems","","::{26EE0668-A00A-44D7-9371-BEB064C98683}\0\::{ED7BA470-8E54-465E-825C-99712043E01C}\{3911D4F8-AD61-4911-A151-5682C26A7427}"
"Manage advanced sharing settings","","::{26EE0668-A00A-44D7-9371-BEB064C98683}\0\::{ED7BA470-8E54-465E-825C-99712043E01C}\{5530E8CC-1B9E-4798-A880-BA719ADFBBBD}"
"Set up a dial-up connection","","::{26EE0668-A00A-44D7-9371-BEB064C98683}\0\::{ED7BA470-8E54-465E-825C-99712043E01C}\{8E21794E-9303-44C5-A493-C3DC53C0E463}"
"Set up a virtual private network (VPN) connection","","::{26EE0668-A00A-44D7-9371-BEB064C98683}\0\::{ED7BA470-8E54-465E-825C-99712043E01C}\{7171F741-718B-49BD-9362-8E847D44CFDA}"
"Set up a broadband connection","","::{26EE0668-A00A-44D7-9371-BEB064C98683}\0\::{ED7BA470-8E54-465E-825C-99712043E01C}\{9B802EF5-59B7-4974-9022-06DC2A9B1677}"
"View network computers and devices","","::{26EE0668-A00A-44D7-9371-BEB064C98683}\0\::{ED7BA470-8E54-465E-825C-99712043E01C}\{88C9D04D-39DD-41EE-A63B-23218D69717F}"
"View network connections","","::{26EE0668-A00A-44D7-9371-BEB064C98683}\0\::{ED7BA470-8E54-465E-825C-99712043E01C}\{9EF86966-2F35-49BE-A9F6-398E0B844411}"
"View network status and tasks","","::{26EE0668-A00A-44D7-9371-BEB064C98683}\0\::{ED7BA470-8E54-465E-825C-99712043E01C}\{BD256B65-94BE-4194-84BF-41D50D0EF26E}"
"Media streaming options","","::{26EE0668-A00A-44D7-9371-BEB064C98683}\0\::{ED7BA470-8E54-465E-825C-99712043E01C}\{12BBBD91-8E16-4C3F-9715-16E5C8299244}"
"Access RemoteApp and desktops","","::{26EE0668-A00A-44D7-9371-BEB064C98683}\0\::{ED7BA470-8E54-465E-825C-99712043E01C}\{7940ACF8-60BA-4213-A7C3-F3B400EE266D}"
"Find and fix problems","","::{26EE0668-A00A-44D7-9371-BEB064C98683}\0\::{ED7BA470-8E54-465E-825C-99712043E01C}\{5902614C-D9C7-4902-9F7F-BAF85454D0B2}"
"Find and fix audio playback problems","","::{26EE0668-A00A-44D7-9371-BEB064C98683}\0\::{ED7BA470-8E54-465E-825C-99712043E01C}\{B896819B-CF73-4DA0-8F59-6E744A6BCD5F}"
"Find and fix audio recording problems","","::{26EE0668-A00A-44D7-9371-BEB064C98683}\0\::{ED7BA470-8E54-465E-825C-99712043E01C}\{B123B0AB-2E4E-4325-804A-32F99784DA0B}"
"Perform recommended maintenance tasks automatically","","::{26EE0668-A00A-44D7-9371-BEB064C98683}\0\::{ED7BA470-8E54-465E-825C-99712043E01C}\{895607E0-D0F9-48BD-B19E-96FBE9BBDCF9}"
"Find and fix networking and connection problems","","::{26EE0668-A00A-44D7-9371-BEB064C98683}\0\::{ED7BA470-8E54-465E-825C-99712043E01C}\{955E7FFD-4DD9-4124-96FC-86C3C653DD33}"
"Find and fix printing problems","","::{26EE0668-A00A-44D7-9371-BEB064C98683}\0\::{ED7BA470-8E54-465E-825C-99712043E01C}\{87842A7E-D784-458D-BEF4-CFDC632DCF3E}"
"Troubleshooting History","","::{26EE0668-A00A-44D7-9371-BEB064C98683}\0\::{ED7BA470-8E54-465E-825C-99712043E01C}\{F025B6FD-D1CA-4A32-9BEB-DBEF1D2F6926}"
"Find and fix problems with Windows Search","","::{26EE0668-A00A-44D7-9371-BEB064C98683}\0\::{ED7BA470-8E54-465E-825C-99712043E01C}\{BEC9E135-14C1-4E00-B5C8-899F26833A5A}"
"Record steps to reproduce a problem","","::{26EE0668-A00A-44D7-9371-BEB064C98683}\0\::{ED7BA470-8E54-465E-825C-99712043E01C}\{11135AE0-7372-4F85-8D1B-93D6EFBE5A99}"
"Find and fix keyboard problems","","::{26EE0668-A00A-44D7-9371-BEB064C98683}\0\::{ED7BA470-8E54-465E-825C-99712043E01C}\{F3F491FD-B863-4227-9657-8E152DE81E7A}"
"Find and fix windows update problems","","::{26EE0668-A00A-44D7-9371-BEB064C98683}\0\::{ED7BA470-8E54-465E-825C-99712043E01C}\{567F539A-9A6F-4E5E-A2BB-B1E58514D11A}"
"Manage Web Credentials","","::{26EE0668-A00A-44D7-9371-BEB064C98683}\0\::{ED7BA470-8E54-465E-825C-99712043E01C}\{1BDB99DF-3832-49D6-9AE0-52105DB568DA}"
"Manage Windows Credentials","","::{26EE0668-A00A-44D7-9371-BEB064C98683}\0\::{ED7BA470-8E54-465E-825C-99712043E01C}\{5D461B44-2753-4DD7-B2C0-BAB71B1F4C1A}"
"Backup and Restore (Windows 7)","","::{26EE0668-A00A-44D7-9371-BEB064C98683}\0\::{ED7BA470-8E54-465E-825C-99712043E01C}\{CFC1FE08-D032-437D-BE93-96A28B3720DA}"
"Restore data, files, or computer from backup (Windows 7)","","::{26EE0668-A00A-44D7-9371-BEB064C98683}\0\::{ED7BA470-8E54-465E-825C-99712043E01C}\{D5426AA3-8F5B-4C4C-915E-901A156FFFDF}"
"Save backup copies of your files with File History","","::{26EE0668-A00A-44D7-9371-BEB064C98683}\0\::{ED7BA470-8E54-465E-825C-99712043E01C}\{A42E8D99-83E6-4D12-B403-F46059D02CF0}"
"Restore your files with File History","","::{26EE0668-A00A-44D7-9371-BEB064C98683}\0\::{ED7BA470-8E54-465E-825C-99712043E01C}\{76F31A78-3FDA-4F80-B015-95CFD81463AD}"
